eventID,SPEI_30d_mu,SPEI_30d_sigma,SPEI_1y_mu,SPEI_1y_sigma,SPEI_2y_mu,SPEI_2y_sigma
debug_event_001,0.030603829363291344,1.3629182429075712,0.43178704617343505,1.0515287381899314,0.5825503035914206,1.8102324467630309
debug_event_002,0.0717813779259917,1.2357987181587493,0.2334960955129213,1.7782051417276266,0.3626249054943326,3.0
debug_event_003,0.35908383412107436,1.0060185733864853,0.6791433153609998,1.1934812556750627,0.7355603824980061,1.8596702793862263
